{
    "batch_size": 100,
    "cuda": false,
    "dataset": "simple2",
    "dataset_dir": "/home/sebastien/Datasets/",
    "device": "cpu",
    "full_cov_W": 0,
    "inference_times": [
        245.32705300225643,
        208.0139700010477,
        197.54336800178862,
        208.4223509991716,
        182.41924999892944,
        186.25433999841334,
        186.81349699909333,
        181.63120000099298,
        187.64354399900185,
        207.0568130002357
    ],
    "iterations_fixed_noise": 1000,
    "iterations_free_noise": 0,
    "lr": 5e-06,
    "model": "fgp",
    "nfeatures": 100,
    "nlayers": 1,
    "nmc_test": 31,
    "nmc_train": 30,
    "noise_std": 0.4,
    "outdir": "/home/sebastien/inference-variationnelle/vcal/experiments/workspace/",
    "save_model": false,
    "seed": 2018,
    "split_ratio": 0.9,
    "test_error": 3.268645763397217,
    "test_interval": 10000,
    "test_mnll": 14.843100547790527,
    "time_budget": 720,
    "total_iters": 10000,
    "trainable_parameters": 40200,
    "verbose": true
}