{
    "batch_size": 100,
    "cuda": false,
    "dataset": "simple2",
    "dataset_dir": "/home/sebastien/Datasets/",
    "device": "cpu",
    "full_cov_W": 0,
    "inference_times": [
        142.3392330761999,
        115.42050703428686,
        111.49236198980361,
        117.07229097373784,
        157.93285192921758,
        140.4190770117566,
        107.47806099243462,
        106.76854907069355,
        106.11078003421426,
        108.01981203258038
    ],
    "iterations_fixed_noise": 1000,
    "iterations_free_noise": 0,
    "lr": 0.0005,
    "model": "fgp",
    "nfeatures": 50,
    "nlayers": 1,
    "nmc_test": 31,
    "nmc_train": 30,
    "noise_std": 0.2,
    "outdir": "/home/sebastien/inference-variationnelle/vcal/experiments/workspace/",
    "save_model": false,
    "seed": 2018,
    "split_ratio": 0.9,
    "test_error": 3.278426170349121,
    "test_interval": 10000,
    "test_mnll": 57.413516998291016,
    "time_budget": 720,
    "total_iters": 10000,
    "trainable_parameters": 10100,
    "verbose": true
}