{
    "batch_size": 100,
    "cuda": false,
    "dataset": "simple2",
    "dataset_dir": "/home/sebastien/Datasets/",
    "device": "cpu",
    "full_cov_W": 0,
    "inference_times": [
        155.37806111387908,
        133.67833197116852,
        116.71315389685333,
        106.61765094846487,
        104.14891096297652,
        116.37900094501674,
        109.46337808854878,
        112.8990869037807,
        110.54781405255198,
        109.71868899650872
    ],
    "iterations_fixed_noise": 1000,
    "iterations_free_noise": 0,
    "lr": 5e-06,
    "model": "fgp",
    "nfeatures": 50,
    "nlayers": 1,
    "nmc_test": 31,
    "nmc_train": 30,
    "noise_std": 0.1,
    "outdir": "/home/sebastien/inference-variationnelle/vcal/experiments/workspace/",
    "save_model": false,
    "seed": 2018,
    "split_ratio": 0.9,
    "test_error": 3.2750232219696045,
    "test_interval": 10000,
    "test_mnll": 229.28541564941406,
    "time_budget": 720,
    "total_iters": 10000,
    "trainable_parameters": 10100,
    "verbose": true
}