{
    "batch_size": 100,
    "cuda": false,
    "dataset": "simple2",
    "dataset_dir": "/home/sebastien/Datasets/",
    "device": "cpu",
    "full_cov_W": 0,
    "inference_times": [
        143.97208699938346,
        148.14276800007065,
        134.14654100051848,
        143.70190999943588,
        142.91379299993423,
        136.95086300049297,
        150.76203100034036,
        148.04280499993183,
        151.84637700076564,
        149.95691900003294
    ],
    "iterations_fixed_noise": 1000,
    "iterations_free_noise": 0,
    "lr": 0.0005,
    "model": "fgp",
    "nfeatures": 12,
    "nlayers": 1,
    "nmc_test": 21,
    "nmc_train": 20,
    "noise_std": 0.01,
    "outdir": "/home/sebastien/inference-variationnelle/vcal/experiments/workspace/",
    "save_model": false,
    "seed": 2018,
    "split_ratio": 0.9,
    "test_error": 3.184004306793213,
    "test_interval": 1000,
    "test_mnll": 459457.09375,
    "time_budget": 720,
    "total_iters": 160,
    "trainable_parameters": 601,
    "verbose": true
}