{
    "batch_size": 100,
    "cuda": false,
    "dataset": "simple2",
    "dataset_dir": "/home/sebastien/Datasets/",
    "device": "cpu",
    "full_cov_W": 0,
    "inference_times": [
        770.1640940000516,
        742.3067800000354,
        722.573159000035,
        729.1433579999875,
        775.0122880000845,
        765.8693350000476,
        748.4313700000484,
        713.7506259999782,
        712.0977189999849,
        724.4486790000337
    ],
    "iterations_fixed_noise": 10000,
    "iterations_free_noise": 0,
    "lr": 5e-05,
    "model": "fgp",
    "nfeatures": 60,
    "nlayers": 1,
    "nmc_test": 200,
    "nmc_train": 20,
    "noise_std": 0.01,
    "outdir": "/home/sebastien/inference-variationnelle/vcal/experiments/workspace/",
    "save_model": false,
    "seed": 2018,
    "split_ratio": 0.9,
    "test_error": 3.163668394088745,
    "test_interval": 1000,
    "test_mnll": 4309192.5,
    "time_budget": 720,
    "total_iters": 10000,
    "trainable_parameters": 14521,
    "verbose": true
}