{
    "batch_size": 100,
    "cuda": false,
    "dataset": "simple2",
    "dataset_dir": "/home/sebastien/Datasets/",
    "device": "cpu",
    "full_cov_W": 0,
    "inference_times": [
        280.54482804145664,
        199.5227470761165,
        201.13097899593413,
        200.3137960564345,
        191.15270697511733,
        201.00730599369854,
        195.88232296518981,
        208.31570599693805,
        202.94989994727075,
        199.04182199388742
    ],
    "iterations_fixed_noise": 1000,
    "iterations_free_noise": 0,
    "lr": 5e-06,
    "model": "fgp",
    "nfeatures": 100,
    "nlayers": 1,
    "nmc_test": 31,
    "nmc_train": 30,
    "noise_std": 0.4,
    "outdir": "/home/sebastien/inference-variationnelle/vcal/experiments/workspace/",
    "save_model": false,
    "seed": 2018,
    "split_ratio": 0.9,
    "test_error": 2.0674638748168945,
    "test_interval": 100000,
    "test_mnll": 1476.24609375,
    "time_budget": 720,
    "total_iters": 100000,
    "trainable_parameters": 40200,
    "verbose": true
}