{
    "batch_size": 100,
    "cuda": false,
    "dataset": "simple2",
    "dataset_dir": "/home/sebastien/Datasets/",
    "device": "cpu",
    "full_cov_W": 0,
    "inference_times": [
        704.5434159808792,
        652.6351170032285,
        673.4578399918973,
        845.3613499877974,
        700.4873999976553,
        607.8871230129153,
        677.9616990243085,
        619.068022002466,
        594.3195300060324,
        604.3808219837956
    ],
    "iterations_fixed_noise": 1000,
    "iterations_free_noise": 0,
    "lr": 5e-05,
    "model": "fgp",
    "nfeatures": 60,
    "nlayers": 1,
    "nmc_test": 200,
    "nmc_train": 20,
    "noise_std": 0.01,
    "outdir": "/home/sebastien/inference-variationnelle/vcal/experiments/workspace/",
    "save_model": false,
    "seed": 2018,
    "split_ratio": 0.9,
    "test_error": 336.8765869140625,
    "test_interval": 1000,
    "test_mnll": 243707504.0,
    "time_budget": 720,
    "total_iters": 1000,
    "trainable_parameters": 241,
    "verbose": true
}