{
    "batch_size": 100,
    "cuda": false,
    "dataset": "simple2",
    "dataset_dir": "/home/sebastien/Datasets/",
    "device": "cpu",
    "full_cov_W": 0,
    "inference_times": [
        80.84224100002757,
        68.50992099953146,
        68.16248700033611,
        68.03313199998229,
        68.59334900036629,
        78.58526899963181,
        82.14803700047923,
        63.60718299947621,
        86.7620019998867,
        88.4747600002811
    ],
    "iterations_fixed_noise": 1000,
    "iterations_free_noise": 0,
    "lr": 0.0005,
    "model": "fgp",
    "nfeatures": 12,
    "nlayers": 1,
    "nmc_test": 21,
    "nmc_train": 20,
    "noise_std": 0.01,
    "outdir": "/home/sebastien/inference-variationnelle/vcal/experiments/workspace/",
    "save_model": false,
    "seed": 2018,
    "split_ratio": 0.9,
    "test_error": 3.1413187980651855,
    "test_interval": 1000,
    "test_mnll": 446281.0,
    "time_budget": 720,
    "total_iters": 1000,
    "trainable_parameters": 601,
    "verbose": true
}