{
    "batch_size": 100,
    "cuda": false,
    "dataset": "simple2",
    "dataset_dir": "/home/sebastien/Datasets/",
    "device": "cpu",
    "full_cov_W": 0,
    "inference_times": [
        586.8402970372699,
        570.6980940303765,
        571.2042729719542,
        569.337093969807,
        574.148950050585,
        574.2318800184876,
        576.8635889980942,
        570.4099069698714,
        569.7433919995092,
        573.1782210059464
    ],
    "iterations_fixed_noise": 1000,
    "iterations_free_noise": 0,
    "lr": 5e-05,
    "model": "fgp",
    "nfeatures": 60,
    "nlayers": 1,
    "nmc_test": 200,
    "nmc_train": 20,
    "noise_std": 0.01,
    "outdir": "/home/sebastien/inference-variationnelle/vcal/experiments/workspace/",
    "save_model": false,
    "seed": 2018,
    "split_ratio": 0.9,
    "test_error": 3.4637112617492676,
    "test_interval": 1000,
    "test_mnll": 5167355.5,
    "time_budget": 720,
    "total_iters": 1000,
    "trainable_parameters": 241,
    "verbose": true
}