{
    "batch_size": 100,
    "cuda": false,
    "dataset": "simple2",
    "dataset_dir": "/home/sebastien/Datasets/",
    "device": "cpu",
    "full_cov_W": 0,
    "inference_times": [
        224.48102199996356,
        179.76918300337275,
        184.58873700001277,
        181.5627020005195,
        182.59308599954238,
        179.9673809982778,
        180.69025899967528,
        180.4805200008559,
        178.79590300071868,
        180.2331819999381
    ],
    "iterations_fixed_noise": 1000,
    "iterations_free_noise": 0,
    "lr": 5e-06,
    "model": "fgp",
    "nfeatures": 100,
    "nlayers": 1,
    "nmc_test": 31,
    "nmc_train": 30,
    "noise_std": 0.4,
    "outdir": "/home/sebastien/inference-variationnelle/vcal/experiments/workspace/",
    "save_model": false,
    "seed": 2018,
    "split_ratio": 0.9,
    "test_error": 3.2605888843536377,
    "test_interval": 100,
    "test_mnll": 14.754434585571289,
    "time_budget": 720,
    "total_iters": 1000,
    "trainable_parameters": 40200,
    "verbose": true
}