{
    "batch_size": 100,
    "cuda": false,
    "dataset": "simple2",
    "dataset_dir": "/home/sebastien/Datasets/",
    "device": "cpu",
    "full_cov_W": 0,
    "inference_times": [
        153.45234598498791,
        104.06127397436649,
        109.2969230376184,
        106.48617893457413,
        117.79078899417073,
        103.64961496088654,
        109.44896400906146,
        105.99898605141789,
        113.63502498716116,
        105.63317697960883
    ],
    "iterations_fixed_noise": 1000,
    "iterations_free_noise": 0,
    "lr": 5e-06,
    "model": "fgp",
    "nfeatures": 50,
    "nlayers": 1,
    "nmc_test": 31,
    "nmc_train": 30,
    "noise_std": 0.001,
    "outdir": "/home/sebastien/inference-variationnelle/vcal/experiments/workspace/",
    "save_model": false,
    "seed": 2018,
    "split_ratio": 0.9,
    "test_error": 3.262540578842163,
    "test_interval": 10000,
    "test_mnll": 2284939.5,
    "time_budget": 720,
    "total_iters": 10000,
    "trainable_parameters": 10100,
    "verbose": true
}