{
    "batch_size": 100,
    "cuda": false,
    "dataset": "simple2",
    "dataset_dir": "/home/sebastien/Datasets/",
    "device": "cpu",
    "full_cov_W": 0,
    "inference_times": [
        731.7465959999936,
        822.311744999979,
        746.2145879999298,
        740.9091150000222,
        723.5712889998922,
        735.993131999976,
        720.876723000174,
        712.6771890000327,
        729.778989000124,
        755.8043689998613
    ],
    "iterations_fixed_noise": 10000,
    "iterations_free_noise": 0,
    "lr": 5e-05,
    "model": "fgp",
    "nfeatures": 60,
    "nlayers": 1,
    "nmc_test": 200,
    "nmc_train": 20,
    "noise_std": 0.01,
    "outdir": "/home/sebastien/inference-variationnelle/vcal/experiments/workspace/",
    "save_model": false,
    "seed": 2018,
    "split_ratio": 0.9,
    "test_error": 3.163668394088745,
    "test_interval": 1000,
    "test_mnll": 4309192.5,
    "time_budget": 720,
    "total_iters": 10000,
    "trainable_parameters": 14521,
    "verbose": true
}