{
    "batch_size": 100,
    "cuda": false,
    "dataset": "simple2",
    "dataset_dir": "/home/sebastien/Datasets/",
    "device": "cpu",
    "full_cov_W": 0,
    "inference_times": [
        97.19362999931036,
        65.41868600106682,
        63.29909499982023,
        65.69566300095175,
        65.3087789996789,
        68.60598599996592,
        68.73867499962216,
        68.39250899975013,
        63.48897600037162,
        63.578449000488035
    ],
    "iterations_fixed_noise": 10000,
    "iterations_free_noise": 0,
    "lr": 0.0005,
    "model": "fgp",
    "nfeatures": 12,
    "nlayers": 1,
    "nmc_test": 21,
    "nmc_train": 20,
    "noise_std": 0.01,
    "outdir": "/home/sebastien/inference-variationnelle/vcal/experiments/workspace/",
    "save_model": false,
    "seed": 2018,
    "split_ratio": 0.9,
    "test_error": 3.124008893966675,
    "test_interval": 10000,
    "test_mnll": 442916.375,
    "time_budget": 720,
    "total_iters": 10000,
    "trainable_parameters": 601,
    "verbose": true
}