{
    "batch_size": 100,
    "cuda": false,
    "dataset": "simple2",
    "dataset_dir": "/home/sebastien/Datasets/",
    "device": "cpu",
    "full_cov_W": 0,
    "inference_times": [
        763.2260450045578,
        755.3484180243686,
        750.0830719945952,
        750.6698420038447,
        752.0938009838574,
        751.3325879699551,
        752.9505440033972,
        751.5768809826113,
        747.4034600309096,
        746.2494779611006
    ],
    "iterations_fixed_noise": 100000,
    "iterations_free_noise": 0,
    "lr": 5e-05,
    "model": "fgp",
    "nfeatures": 60,
    "nlayers": 1,
    "nmc_test": 200,
    "nmc_train": 20,
    "noise_std": 0.01,
    "outdir": "/home/sebastien/inference-variationnelle/vcal/experiments/workspace/",
    "save_model": false,
    "seed": 2018,
    "split_ratio": 0.9,
    "test_error": 3.068382740020752,
    "test_interval": 1000,
    "test_mnll": 4056690.75,
    "time_budget": 720,
    "total_iters": 100000,
    "trainable_parameters": 14521,
    "verbose": true
}