{
    "batch_size": 100,
    "cuda": false,
    "dataset": "simple2",
    "dataset_dir": "/home/sebastien/Datasets/",
    "device": "cpu",
    "full_cov_W": 0,
    "inference_times": [
        617.6080200239085,
        578.9797140168957,
        585.8681320096366,
        603.4566499874927,
        585.7545360340737,
        586.4213340100832,
        604.8261009855196,
        603.4383379737847,
        599.254077009391,
        728.6317180260085
    ],
    "iterations_fixed_noise": 1000,
    "iterations_free_noise": 0,
    "lr": 5e-05,
    "model": "fgp",
    "nfeatures": 60,
    "nlayers": 1,
    "nmc_test": 200,
    "nmc_train": 20,
    "noise_std": 0.01,
    "outdir": "/home/sebastien/inference-variationnelle/vcal/experiments/workspace/",
    "save_model": false,
    "seed": 2018,
    "split_ratio": 0.9,
    "test_error": 3.4637112617492676,
    "test_interval": 1000,
    "test_mnll": 5167355.5,
    "time_budget": 720,
    "total_iters": 1000,
    "trainable_parameters": 241,
    "verbose": true
}