{
    "batch_size": 100,
    "cuda": false,
    "dataset": "simple2",
    "dataset_dir": "/home/sebastien/Datasets/",
    "device": "cpu",
    "full_cov_W": 0,
    "inference_times": [
        273.86432899947977,
        276.19945900005405,
        273.10623099947406,
        274.0627349994611,
        266.1242140002287,
        282.10381899953063,
        277.33420100048534,
        281.56765199855727,
        276.44030200099223,
        271.53530800023873
    ],
    "iterations_fixed_noise": 1000,
    "iterations_free_noise": 0,
    "lr": 5e-06,
    "model": "fgp",
    "nfeatures": 100,
    "nlayers": 1,
    "nmc_test": 31,
    "nmc_train": 30,
    "noise_std": 0.4,
    "outdir": "/home/sebastien/inference-variationnelle/vcal/experiments/workspace/",
    "save_model": false,
    "seed": 2018,
    "split_ratio": 0.9,
    "test_error": 3.268645763397217,
    "test_interval": 10000,
    "test_mnll": 446.9526672363281,
    "time_budget": 720,
    "total_iters": 10000,
    "trainable_parameters": 40200,
    "verbose": true
}