{
    "batch_size": 100,
    "cuda": false,
    "dataset": "simple2",
    "dataset_dir": "/home/sebastien/Datasets/",
    "device": "cpu",
    "full_cov_W": 0,
    "inference_times": [
        635.9974289953243,
        577.0767669891939,
        575.5836489843205,
        581.8105229991488,
        580.0657480140217,
        583.2208820211235,
        575.7965450175107,
        575.9098660200834,
        581.0941439995077,
        577.4416779750027
    ],
    "iterations_fixed_noise": 1000,
    "iterations_free_noise": 0,
    "lr": 5e-05,
    "model": "fgp",
    "nfeatures": 60,
    "nlayers": 1,
    "nmc_test": 200,
    "nmc_train": 20,
    "noise_std": 0.01,
    "outdir": "/home/sebastien/inference-variationnelle/vcal/experiments/workspace/",
    "save_model": false,
    "seed": 2018,
    "split_ratio": 0.9,
    "test_error": 3.268498182296753,
    "test_interval": 1000,
    "test_mnll": 23029.79296875,
    "time_budget": 720,
    "total_iters": 1000,
    "trainable_parameters": 14641,
    "verbose": true
}