{
    "batch_size": 100,
    "cuda": false,
    "dataset": "simple2",
    "dataset_dir": "/home/sebastien/Datasets/",
    "device": "cpu",
    "full_cov_W": 0,
    "inference_times": [
        80.22732300014468,
        64.4566460000533,
        64.91500999982236,
        64.3671920001907,
        65.93948399995497,
        64.21301099999255,
        63.92627800005357,
        64.0425450001203,
        63.83317099971464,
        64.03750900017258
    ],
    "iterations_fixed_noise": 10000,
    "iterations_free_noise": 0,
    "lr": 0.0005,
    "model": "fgp",
    "nfeatures": 12,
    "nlayers": 1,
    "nmc_test": 20,
    "nmc_train": 20,
    "noise_std": 0.01,
    "outdir": "/home/sebastien/inference-variationnelle/vcal/experiments/workspace/",
    "save_model": false,
    "seed": 2018,
    "split_ratio": 0.9,
    "test_error": 3.094390392303467,
    "test_interval": 1000,
    "test_mnll": 412569.34375,
    "time_budget": 720,
    "total_iters": 10000,
    "trainable_parameters": 601,
    "verbose": true
}