{
    "batch_size": 100,
    "cuda": false,
    "dataset": "simple2",
    "dataset_dir": "/home/sebastien/Datasets/",
    "device": "cpu",
    "full_cov_W": 0,
    "inference_times": [
        203.9068390004104,
        182.4632190000557,
        176.47355900044204,
        179.00149400156806,
        178.2084019996546,
        176.48165699938545,
        177.71539099885558,
        179.03428799945686,
        176.35328199867217,
        178.6776570006623
    ],
    "iterations_fixed_noise": 1000,
    "iterations_free_noise": 0,
    "lr": 5e-06,
    "model": "fgp",
    "nfeatures": 100,
    "nlayers": 1,
    "nmc_test": 31,
    "nmc_train": 30,
    "noise_std": 0.4,
    "outdir": "/home/sebastien/inference-variationnelle/vcal/experiments/workspace/",
    "save_model": false,
    "seed": 2018,
    "split_ratio": 0.9,
    "test_error": 3.268645763397217,
    "test_interval": 10000,
    "test_mnll": 446.9526672363281,
    "time_budget": 720,
    "total_iters": 10000,
    "trainable_parameters": 40200,
    "verbose": true
}