{
    "batch_size": 100,
    "cuda": false,
    "dataset": "simple2",
    "dataset_dir": "/home/sebastien/Datasets/",
    "device": "cpu",
    "full_cov_W": 0,
    "inference_times": [
        971.5307949809358,
        809.9975069635548,
        835.1794570335187,
        763.581442006398,
        832.0450459723361,
        797.0958559890278,
        785.2762010297738,
        771.9364740187302,
        916.2338980240747,
        831.9843899807893
    ],
    "iterations_fixed_noise": 1000,
    "iterations_free_noise": 0,
    "lr": 5e-05,
    "model": "fgp",
    "nfeatures": 60,
    "nlayers": 1,
    "nmc_test": 200,
    "nmc_train": 20,
    "noise_std": 0.01,
    "outdir": "/home/sebastien/inference-variationnelle/vcal/experiments/workspace/",
    "save_model": false,
    "seed": 2018,
    "split_ratio": 0.9,
    "test_error": 3.375878095626831,
    "test_interval": 1000,
    "test_mnll": 4911376.0,
    "time_budget": 720,
    "total_iters": 1000,
    "trainable_parameters": 14521,
    "verbose": true
}