{
    "batch_size": 100,
    "cuda": false,
    "dataset": "simple2",
    "dataset_dir": "/home/sebastien/Datasets/",
    "device": "cpu",
    "full_cov_W": 0,
    "inference_times": [
        604.1628820239566,
        586.9822980021127,
        591.1831450066529,
        629.0673940093257,
        603.1269020168111,
        716.1562020191923,
        673.9889380405657,
        590.0096209952608,
        647.6265960372984,
        616.4903569733724
    ],
    "iterations_fixed_noise": 1000,
    "iterations_free_noise": 0,
    "lr": 5e-05,
    "model": "fgp",
    "nfeatures": 60,
    "nlayers": 1,
    "nmc_test": 200,
    "nmc_train": 20,
    "noise_std": 0.01,
    "outdir": "/home/sebastien/inference-variationnelle/vcal/experiments/workspace/",
    "save_model": false,
    "seed": 2018,
    "split_ratio": 0.9,
    "test_error": 3.4457759857177734,
    "test_interval": 1000,
    "test_mnll": 5114329.0,
    "time_budget": 720,
    "total_iters": 1000,
    "trainable_parameters": 241,
    "verbose": true
}