{
    "batch_size": 100,
    "cuda": false,
    "dataset": "simple2",
    "dataset_dir": "/home/sebastien/Datasets/",
    "device": "cpu",
    "full_cov_W": 0,
    "inference_times": [
        219.63642700575292,
        242.2413940075785,
        211.72781405039132,
        194.2792320623994,
        206.1961389845237,
        197.66166899353266,
        198.9915689919144,
        212.02343795448542,
        193.9640229102224,
        208.10016803443432
    ],
    "iterations_fixed_noise": 1000,
    "iterations_free_noise": 0,
    "lr": 5e-06,
    "model": "fgp",
    "nfeatures": 100,
    "nlayers": 1,
    "nmc_test": 31,
    "nmc_train": 30,
    "noise_std": 0.4,
    "outdir": "/home/sebastien/inference-variationnelle/vcal/experiments/workspace/",
    "save_model": false,
    "seed": 2018,
    "split_ratio": 0.9,
    "test_error": 2.070864677429199,
    "test_interval": 100,
    "test_mnll": 14.80965805053711,
    "time_budget": 720,
    "total_iters": 1000,
    "trainable_parameters": 40200,
    "verbose": true
}