{
    "batch_size": 100,
    "cuda": false,
    "dataset": "simple2",
    "dataset_dir": "/home/sebastien/Datasets/",
    "device": "cpu",
    "full_cov_W": 0,
    "inference_times": [
        100.84594900035881,
        112.61285000000498,
        71.11872500036043,
        71.09993500034761,
        67.5724520001495,
        64.63522500007457,
        62.814630000048055,
        63.125046999630285,
        63.1555700001627,
        63.40696100005516
    ],
    "iterations_fixed_noise": 10000,
    "iterations_free_noise": 0,
    "lr": 5e-05,
    "model": "fgp",
    "nfeatures": 12,
    "nlayers": 1,
    "nmc_test": 20,
    "nmc_train": 20,
    "noise_std": 0.01,
    "outdir": "/home/sebastien/inference-variationnelle/vcal/experiments/workspace/",
    "save_model": false,
    "seed": 2018,
    "split_ratio": 0.9,
    "test_error": 3.1489510536193848,
    "test_interval": 1000,
    "test_mnll": 427204.3125,
    "time_budget": 720,
    "total_iters": 10000,
    "trainable_parameters": 601,
    "verbose": true
}