{
    "batch_size": 100,
    "cuda": false,
    "dataset": "simple2",
    "dataset_dir": "/home/sebastien/Datasets/",
    "device": "cpu",
    "full_cov_W": 0,
    "inference_times": [
        820.8839109865949,
        806.2233780510724,
        866.1325760185719,
        825.2304919878952,
        824.0126119926572,
        822.4513710010797,
        874.793607974425,
        862.8549370332621,
        874.2383809876628,
        860.2292489958927
    ],
    "iterations_fixed_noise": 1000,
    "iterations_free_noise": 0,
    "lr": 5e-05,
    "model": "fgp",
    "nfeatures": 60,
    "nlayers": 1,
    "nmc_test": 200,
    "nmc_train": 20,
    "noise_std": 0.01,
    "outdir": "/home/sebastien/inference-variationnelle/vcal/experiments/workspace/",
    "save_model": false,
    "seed": 2018,
    "split_ratio": 0.9,
    "test_error": 3.375878095626831,
    "test_interval": 1000,
    "test_mnll": 4911376.0,
    "time_budget": 720,
    "total_iters": 1000,
    "trainable_parameters": 14521,
    "verbose": true
}