{
    "batch_size": 100,
    "cuda": false,
    "dataset": "simple2",
    "dataset_dir": "/home/sebastien/Datasets/",
    "device": "cpu",
    "full_cov_W": 0,
    "inference_times": [
        189.50174099882133,
        184.13959200006502,
        190.90399800006708,
        184.60754199986695,
        176.88354500023706,
        181.45786700006283,
        224.52993499973672,
        185.4190939993714,
        185.7277149993024,
        210.75702800044382
    ],
    "iterations_fixed_noise": 100000,
    "iterations_free_noise": 0,
    "lr": 5e-06,
    "model": "fgp",
    "nfeatures": 100,
    "nlayers": 1,
    "nmc_test": 31,
    "nmc_train": 30,
    "noise_std": 0.4,
    "outdir": "/home/sebastien/inference-variationnelle/vcal/experiments/workspace/",
    "save_model": false,
    "seed": 2018,
    "split_ratio": 0.9,
    "test_error": 3.2793126106262207,
    "test_interval": 10000,
    "test_mnll": 449.2281799316406,
    "time_budget": 720,
    "total_iters": 100000,
    "trainable_parameters": 40200,
    "verbose": true
}