{
    "batch_size": 100,
    "cuda": false,
    "dataset": "simple2",
    "dataset_dir": "/home/sebastien/Datasets/",
    "device": "cpu",
    "full_cov_W": 0,
    "inference_times": [
        232.71107696928084,
        197.51172792166471,
        240.51741498988122,
        240.1383490068838,
        197.97875196672976,
        202.6310929795727,
        191.07827602420002,
        202.89952110033482,
        200.6016819505021,
        195.96760103013366
    ],
    "iterations_fixed_noise": 1000,
    "iterations_free_noise": 0,
    "lr": 5e-06,
    "model": "fgp",
    "nfeatures": 100,
    "nlayers": 1,
    "nmc_test": 31,
    "nmc_train": 30,
    "noise_std": 0.4,
    "outdir": "/home/sebastien/inference-variationnelle/vcal/experiments/workspace/",
    "save_model": false,
    "seed": 2018,
    "split_ratio": 0.9,
    "test_error": 3.2605888843536377,
    "test_interval": 100,
    "test_mnll": 14.754434585571289,
    "time_budget": 720,
    "total_iters": 1000,
    "trainable_parameters": 40200,
    "verbose": true
}