{
    "batch_size": 100,
    "cuda": false,
    "dataset": "simple2",
    "dataset_dir": "/home/sebastien/Datasets/",
    "device": "cpu",
    "full_cov_W": 0,
    "inference_times": [
        333.4085060050711,
        328.28433997929096,
        218.07877405080944,
        275.5740430438891,
        220.45263298787177,
        227.55581291858107,
        219.633583095856,
        246.89682701136917,
        296.1614209925756,
        331.26818598248065
    ],
    "iterations_fixed_noise": 1000,
    "iterations_free_noise": 0,
    "lr": 5e-06,
    "model": "fgp",
    "nfeatures": 100,
    "nlayers": 1,
    "nmc_test": 31,
    "nmc_train": 30,
    "noise_std": 0.4,
    "outdir": "/home/sebastien/inference-variationnelle/vcal/experiments/workspace/",
    "save_model": false,
    "seed": 2018,
    "split_ratio": 0.9,
    "test_error": 2.0674641132354736,
    "test_interval": 100000,
    "test_mnll": 14.762462615966797,
    "time_budget": 720,
    "total_iters": 100000,
    "trainable_parameters": 40200,
    "verbose": true
}