{
    "batch_size": 100,
    "cuda": false,
    "dataset": "simple2",
    "dataset_dir": "/home/sebastien/Datasets/",
    "device": "cpu",
    "full_cov_W": 0,
    "inference_times": [
        612.8315670066513,
        608.9626580069307,
        591.7022659996292,
        591.7782070027897,
        595.9663089888636,
        592.2365190053824,
        604.3445050017908,
        599.3267279991414,
        602.8344950027531,
        627.7710839931387
    ],
    "iterations_fixed_noise": 1000,
    "iterations_free_noise": 0,
    "lr": 5e-05,
    "model": "fgp",
    "nfeatures": 60,
    "nlayers": 1,
    "nmc_test": 200,
    "nmc_train": 20,
    "noise_std": 0.01,
    "outdir": "/home/sebastien/inference-variationnelle/vcal/experiments/workspace/",
    "save_model": false,
    "seed": 2018,
    "split_ratio": 0.9,
    "test_error": 3.268498182296753,
    "test_interval": 1000,
    "test_mnll": 23029.79296875,
    "time_budget": 720,
    "total_iters": 1000,
    "trainable_parameters": 14641,
    "verbose": true
}