{
    "batch_size": 100,
    "cuda": false,
    "dataset": "simple2",
    "dataset_dir": "/home/sebastien/Datasets/",
    "device": "cpu",
    "full_cov_W": 0,
    "inference_times": [
        141.21021999926597,
        75.31125899913604,
        64.426976001414,
        64.49220099966624,
        63.478600000962615,
        67.2500040000159,
        63.640432999818586,
        63.79286000083084,
        70.79881399840815,
        63.974961998610524
    ],
    "iterations_fixed_noise": 10000,
    "iterations_free_noise": 0,
    "lr": 5e-05,
    "model": "fgp",
    "nfeatures": 12,
    "nlayers": 1,
    "nmc_test": 21,
    "nmc_train": 30,
    "noise_std": 0.3,
    "outdir": "/home/sebastien/inference-variationnelle/vcal/experiments/workspace/",
    "save_model": false,
    "seed": 2018,
    "split_ratio": 0.9,
    "test_error": 3.251328706741333,
    "test_interval": 10000,
    "test_mnll": 530.8170166015625,
    "time_budget": 720,
    "total_iters": 10000,
    "trainable_parameters": 600,
    "verbose": true
}