{
    "batch_size": 100,
    "cuda": false,
    "dataset": "simple2",
    "dataset_dir": "/home/sebastien/Datasets/",
    "device": "cpu",
    "full_cov_W": 0,
    "inference_times": [
        104.38966199990318,
        106.08134299991434,
        98.52412999998705,
        104.16657399991891,
        112.46161500002927,
        111.20606900021812,
        117.63589899965154,
        107.76752899982966,
        105.60663700016448,
        105.20106600006329
    ],
    "iterations_fixed_noise": 1000,
    "iterations_free_noise": 0,
    "lr": 0.0005,
    "model": "fgp",
    "nfeatures": 12,
    "nlayers": 1,
    "nmc_test": 20,
    "nmc_train": 20,
    "noise_std": 0.01,
    "outdir": "/home/sebastien/inference-variationnelle/vcal/experiments/workspace/",
    "save_model": false,
    "seed": 2018,
    "split_ratio": 0.9,
    "test_error": 3.1642885208129883,
    "test_interval": 1000,
    "test_mnll": 431597.03125,
    "time_budget": 720,
    "total_iters": 1000,
    "trainable_parameters": 601,
    "verbose": true
}