{
    "batch_size": 100,
    "cuda": false,
    "dataset": "simple2",
    "dataset_dir": "/home/sebastien/Datasets/",
    "device": "cpu",
    "full_cov_W": 0,
    "inference_times": [
        816.9066979899071,
        940.6397119746543,
        860.5355710024014,
        831.3884629751556,
        842.3375480342656,
        854.7140349983238,
        818.7980570364743,
        787.3865379951894,
        795.6711950246245,
        836.9732819846831
    ],
    "iterations_fixed_noise": 1000,
    "iterations_free_noise": 0,
    "lr": 5e-05,
    "model": "fgp",
    "nfeatures": 60,
    "nlayers": 1,
    "nmc_test": 200,
    "nmc_train": 20,
    "noise_std": 0.01,
    "outdir": "/home/sebastien/inference-variationnelle/vcal/experiments/workspace/",
    "save_model": false,
    "seed": 2018,
    "split_ratio": 0.9,
    "test_error": 3.375878095626831,
    "test_interval": 1000,
    "test_mnll": 4911376.0,
    "time_budget": 720,
    "total_iters": 1000,
    "trainable_parameters": 14521,
    "verbose": true
}