{
    "batch_size": 100,
    "cuda": false,
    "dataset": "simple2",
    "dataset_dir": "/home/sebastien/Datasets/",
    "device": "cpu",
    "full_cov_W": 0,
    "inference_times": [
        110.70630100039125,
        72.02131200028816,
        90.7416079990071,
        108.05633699965256,
        70.48920200031716,
        66.18699199862021,
        65.66305799969996,
        67.68459599879861,
        64.94788600139145,
        66.98227199922258
    ],
    "iterations_fixed_noise": 100000,
    "iterations_free_noise": 0,
    "lr": 5e-06,
    "model": "fgp",
    "nfeatures": 12,
    "nlayers": 1,
    "nmc_test": 21,
    "nmc_train": 30,
    "noise_std": 0.4,
    "outdir": "/home/sebastien/inference-variationnelle/vcal/experiments/workspace/",
    "save_model": false,
    "seed": 2018,
    "split_ratio": 0.9,
    "test_error": 3.242371082305908,
    "test_interval": 10000,
    "test_mnll": 297.2205810546875,
    "time_budget": 720,
    "total_iters": 100000,
    "trainable_parameters": 600,
    "verbose": true
}