{
    "batch_size": 100,
    "cuda": false,
    "dataset": "simple2",
    "dataset_dir": "/home/sebastien/Datasets/",
    "device": "cpu",
    "full_cov_W": 0,
    "inference_times": [
        192.541996948421,
        197.8150790091604,
        130.6971610756591,
        118.14147094264627,
        119.61834505200386,
        112.12312197312713,
        112.04888799693435,
        106.91906197462231,
        111.39570898376405,
        108.09152002912015
    ],
    "iterations_fixed_noise": 1000,
    "iterations_free_noise": 0,
    "lr": 0.0005,
    "model": "fgp",
    "nfeatures": 50,
    "nlayers": 1,
    "nmc_test": 31,
    "nmc_train": 30,
    "noise_std": 0.01,
    "outdir": "/home/sebastien/inference-variationnelle/vcal/experiments/workspace/",
    "save_model": false,
    "seed": 2018,
    "split_ratio": 0.9,
    "test_error": 3.2737343311309814,
    "test_interval": 10000,
    "test_mnll": 23003.2421875,
    "time_budget": 720,
    "total_iters": 10000,
    "trainable_parameters": 10100,
    "verbose": true
}