{
    "batch_size": 100,
    "cuda": false,
    "dataset": "simple2",
    "dataset_dir": "/home/sebastien/Datasets/",
    "device": "cpu",
    "full_cov_W": 0,
    "inference_times": [
        122.26967899914598,
        65.17979299860599,
        65.64735400024801,
        66.26241199955984,
        74.84034099979908,
        65.29197899908468,
        69.98081599886063,
        65.4821379994246,
        63.44108700068318,
        63.60347699956037
    ],
    "iterations_fixed_noise": 10000,
    "iterations_free_noise": 0,
    "lr": 0.0005,
    "model": "fgp",
    "nfeatures": 12,
    "nlayers": 1,
    "nmc_test": 21,
    "nmc_train": 20,
    "noise_std": 0.01,
    "outdir": "/home/sebastien/inference-variationnelle/vcal/experiments/workspace/",
    "save_model": false,
    "seed": 2018,
    "split_ratio": 0.9,
    "test_error": 3.2322325706481934,
    "test_interval": 10000,
    "test_mnll": 474169.8125,
    "time_budget": 720,
    "total_iters": 10000,
    "trainable_parameters": 600,
    "verbose": true
}