{
    "batch_size": 100,
    "cuda": false,
    "dataset": "simple2",
    "dataset_dir": "/home/sebastien/Datasets/",
    "device": "cpu",
    "full_cov_W": 0,
    "inference_times": [
        151.09162899989315,
        164.00993999968705,
        150.22930299983273,
        152.30872199981604,
        150.85305100001278,
        150.39828799990573,
        150.10116299981746,
        149.8723049999171,
        149.4465119999404,
        157.0344130000194
    ],
    "iterations_fixed_noise": 1000,
    "iterations_free_noise": 0,
    "lr": 0.0005,
    "model": "fgp",
    "nfeatures": 12,
    "nlayers": 1,
    "nmc_test": 20,
    "nmc_train": 20,
    "noise_std": 0.01,
    "outdir": "/home/sebastien/inference-variationnelle/vcal/experiments/workspace/",
    "save_model": false,
    "seed": 2018,
    "split_ratio": 0.9,
    "test_error": 3.2152228355407715,
    "test_interval": 1000,
    "test_mnll": 446815.3125,
    "time_budget": 720,
    "total_iters": 202,
    "trainable_parameters": 601,
    "verbose": true
}