{
    "batch_size": 100,
    "cuda": false,
    "dataset": "simple2",
    "dataset_dir": "/home/sebastien/Datasets/",
    "device": "cpu",
    "full_cov_W": 0,
    "inference_times": [
        682.6925548957661,
        712.1425870573148,
        718.0949369212613,
        682.3712739860639,
        748.9811970153823,
        734.9423799896613,
        773.2983190799132,
        749.7661040397361,
        788.7724029133096,
        745.9895740030333
    ],
    "iterations_fixed_noise": 1000,
    "iterations_free_noise": 0,
    "lr": 0.005,
    "model": "fgp",
    "nfeatures": 50,
    "nlayers": 1,
    "nmc_test": 200,
    "nmc_train": 100,
    "noise_std": 0.2,
    "outdir": "/home/sebastien/inference-variationnelle/vcal/experiments/workspace/",
    "save_model": false,
    "seed": 2018,
    "split_ratio": 0.9,
    "test_error": 3.2765915393829346,
    "test_interval": 1000,
    "test_mnll": 57.34899139404297,
    "time_budget": 720,
    "total_iters": 1000,
    "trainable_parameters": 10100,
    "verbose": true
}