{
    "batch_size": 100,
    "cuda": false,
    "dataset": "simple2",
    "dataset_dir": "/home/sebastien/Datasets/",
    "device": "cpu",
    "full_cov_W": 0,
    "inference_times": [
        130.70786802563816,
        104.83057098463178,
        105.27520102914423,
        109.32423896156251,
        103.80021890159696,
        103.76757406629622,
        103.68827800266445,
        103.84930192958564,
        104.8365409951657,
        104.08148297574371
    ],
    "iterations_fixed_noise": 1000,
    "iterations_free_noise": 0,
    "lr": 5e-07,
    "model": "fgp",
    "nfeatures": 50,
    "nlayers": 1,
    "nmc_test": 31,
    "nmc_train": 30,
    "noise_std": 0.4,
    "outdir": "/home/sebastien/inference-variationnelle/vcal/experiments/workspace/",
    "save_model": false,
    "seed": 2018,
    "split_ratio": 0.9,
    "test_error": 3.304515838623047,
    "test_interval": 100000,
    "test_mnll": 15.076146125793457,
    "time_budget": 720,
    "total_iters": 100000,
    "trainable_parameters": 10100,
    "verbose": true
}