{
    "batch_size": 100,
    "cuda": false,
    "dataset": "simple2",
    "dataset_dir": "/home/sebastien/Datasets/",
    "device": "cpu",
    "full_cov_W": 0,
    "inference_times": [
        619.0098250226583,
        576.5711790008936,
        576.4206869935151,
        573.7937919911928,
        577.0209260226693,
        575.917946989648,
        574.5250170002691,
        579.4161300000269,
        577.6314929826185,
        573.0540580116212
    ],
    "iterations_fixed_noise": 1000,
    "iterations_free_noise": 0,
    "lr": 5e-05,
    "model": "fgp",
    "nfeatures": 60,
    "nlayers": 1,
    "nmc_test": 200,
    "nmc_train": 20,
    "noise_std": 0.01,
    "outdir": "/home/sebastien/inference-variationnelle/vcal/experiments/workspace/",
    "save_model": false,
    "seed": 2018,
    "split_ratio": 0.9,
    "test_error": 3.268498182296753,
    "test_interval": 1000,
    "test_mnll": 23029.79296875,
    "time_budget": 720,
    "total_iters": 1000,
    "trainable_parameters": 14641,
    "verbose": true
}