{
    "batch_size": 100,
    "cuda": false,
    "dataset": "simple2",
    "dataset_dir": "/home/sebastien/Datasets/",
    "device": "cpu",
    "full_cov_W": 0,
    "inference_times": [
        198.69521399959922,
        184.04939999891212,
        179.63578699891514,
        179.12566700033494,
        185.14005900033226,
        178.72710199844732,
        178.7117309995665,
        184.12011399959738,
        179.01242799962347,
        183.52084699836269
    ],
    "iterations_fixed_noise": 1000,
    "iterations_free_noise": 0,
    "lr": 5e-06,
    "model": "fgp",
    "nfeatures": 100,
    "nlayers": 1,
    "nmc_test": 31,
    "nmc_train": 30,
    "noise_std": 0.4,
    "outdir": "/home/sebastien/inference-variationnelle/vcal/experiments/workspace/",
    "save_model": false,
    "seed": 2018,
    "split_ratio": 0.9,
    "test_error": 3.273571491241455,
    "test_interval": 100000,
    "test_mnll": 448.8979797363281,
    "time_budget": 720,
    "total_iters": 100000,
    "trainable_parameters": 40200,
    "verbose": true
}