{
    "batch_size": 100,
    "cuda": false,
    "dataset": "simple2",
    "dataset_dir": "/home/sebastien/Datasets/",
    "device": "cpu",
    "full_cov_W": 0,
    "inference_times": [
        91.10382500011838,
        85.63987500019721,
        74.35521799970957,
        73.37957300023845,
        73.11782800024957,
        72.33630600012475,
        69.28517200003625,
        70.85116899997956,
        72.1853730001385,
        69.09700799997154
    ],
    "iterations_fixed_noise": 1000,
    "iterations_free_noise": 0,
    "lr": 0.0005,
    "model": "fgp",
    "nfeatures": 12,
    "nlayers": 1,
    "nmc_test": 20,
    "nmc_train": 20,
    "noise_std": 0.01,
    "outdir": "/home/sebastien/inference-variationnelle/vcal/experiments/workspace/",
    "save_model": false,
    "seed": 2018,
    "split_ratio": 0.9,
    "test_error": 3.2215170860290527,
    "test_interval": 1000,
    "test_mnll": 447528.09375,
    "time_budget": 720,
    "total_iters": 99,
    "trainable_parameters": 601,
    "verbose": true
}