{
    "batch_size": 100,
    "cuda": false,
    "dataset": "simple2",
    "dataset_dir": "/home/sebastien/Datasets/",
    "device": "cpu",
    "full_cov_W": 0,
    "inference_times": [
        111.54950800028018,
        104.43281400011983,
        109.1596070000378,
        109.52281799973207,
        106.13721599975179,
        110.13854600014383,
        106.17908199992598,
        152.7974229998108,
        150.1316180001595,
        100.84325200023159
    ],
    "iterations_fixed_noise": 10000,
    "iterations_free_noise": 0,
    "lr": 0.0005,
    "model": "fgp",
    "nfeatures": 12,
    "nlayers": 1,
    "nmc_test": 20,
    "nmc_train": 20,
    "noise_std": 0.01,
    "outdir": "/home/sebastien/inference-variationnelle/vcal/experiments/workspace/",
    "save_model": false,
    "seed": 2018,
    "split_ratio": 0.9,
    "test_error": 3.2216391563415527,
    "test_interval": 1000,
    "test_mnll": 447852.4375,
    "time_budget": 720,
    "total_iters": 102,
    "trainable_parameters": 601,
    "verbose": true
}