{
    "batch_size": 100,
    "cuda": false,
    "dataset": "simple2",
    "dataset_dir": "/home/sebastien/Datasets/",
    "device": "cpu",
    "full_cov_W": 0,
    "inference_times": [
        171.1758989840746,
        105.98227893933654,
        105.12319405097514,
        109.2040209332481,
        110.71571498177946,
        124.23317006323487,
        130.38547709584236,
        105.74222193099558,
        112.14970599394292,
        117.526522022672
    ],
    "iterations_fixed_noise": 1000,
    "iterations_free_noise": 0,
    "lr": 5e-07,
    "model": "fgp",
    "nfeatures": 50,
    "nlayers": 1,
    "nmc_test": 31,
    "nmc_train": 30,
    "noise_std": 0.1,
    "outdir": "/home/sebastien/inference-variationnelle/vcal/experiments/workspace/",
    "save_model": false,
    "seed": 2018,
    "split_ratio": 0.9,
    "test_error": 3.2900402545928955,
    "test_interval": 100000,
    "test_mnll": 231.4017333984375,
    "time_budget": 720,
    "total_iters": 100000,
    "trainable_parameters": 10100,
    "verbose": true
}