{
    "batch_size": 100,
    "cuda": false,
    "dataset": "simple2",
    "dataset_dir": "/home/sebastien/Datasets/",
    "device": "cpu",
    "full_cov_W": 0,
    "inference_times": [
        597.9235239792615,
        572.0029979711398,
        573.4303980134428,
        573.7904729903676,
        572.3587700049393,
        573.5398939577863,
        572.2521570278332,
        574.4270599680021,
        604.2338379775174,
        573.4607389895245
    ],
    "iterations_fixed_noise": 1000,
    "iterations_free_noise": 0,
    "lr": 5e-05,
    "model": "fgp",
    "nfeatures": 60,
    "nlayers": 1,
    "nmc_test": 200,
    "nmc_train": 20,
    "noise_std": 0.01,
    "outdir": "/home/sebastien/inference-variationnelle/vcal/experiments/workspace/",
    "save_model": false,
    "seed": 2018,
    "split_ratio": 0.9,
    "test_error": 3.4457759857177734,
    "test_interval": 1000,
    "test_mnll": 5114329.0,
    "time_budget": 720,
    "total_iters": 1000,
    "trainable_parameters": 241,
    "verbose": true
}