{
    "batch_size": 100,
    "cuda": false,
    "dataset": "simple2",
    "dataset_dir": "/home/sebastien/Datasets/",
    "device": "cpu",
    "full_cov_W": 0,
    "inference_times": [
        993.3568270062096,
        761.7840190068819,
        757.871559006162,
        854.4151470414363,
        763.1006609881297,
        761.4279020344839,
        763.9797989977524,
        757.510302006267,
        768.9480630215257,
        759.0913730091415
    ],
    "iterations_fixed_noise": 1000,
    "iterations_free_noise": 0,
    "lr": 5e-05,
    "model": "fgp",
    "nfeatures": 60,
    "nlayers": 1,
    "nmc_test": 200,
    "nmc_train": 20,
    "noise_std": 0.01,
    "outdir": "/home/sebastien/inference-variationnelle/vcal/experiments/workspace/",
    "save_model": false,
    "seed": 2018,
    "split_ratio": 0.9,
    "test_error": 3.375878095626831,
    "test_interval": 1000,
    "test_mnll": 4911376.0,
    "time_budget": 720,
    "total_iters": 1000,
    "trainable_parameters": 14521,
    "verbose": true
}