{
    "batch_size": 100,
    "cuda": false,
    "dataset": "simple2",
    "dataset_dir": "/home/sebastien/Datasets/",
    "device": "cpu",
    "full_cov_W": 0,
    "inference_times": [
        78.0404570000428,
        67.46633200009455,
        65.03774399971007,
        64.99411100003272,
        65.39633000011236,
        65.56033000015304,
        66.21570300012536,
        64.10612600029708,
        65.66383699964717,
        64.07877100036785
    ],
    "iterations_fixed_noise": 10000,
    "iterations_free_noise": 0,
    "lr": 0.0005,
    "model": "fgp",
    "nfeatures": 12,
    "nlayers": 1,
    "nmc_test": 20,
    "nmc_train": 20,
    "noise_std": 0.01,
    "outdir": "/home/sebastien/inference-variationnelle/vcal/experiments/workspace/",
    "save_model": false,
    "seed": 2018,
    "split_ratio": 0.9,
    "test_error": 3.2240021228790283,
    "test_interval": 1000,
    "test_mnll": 448588.09375,
    "time_budget": 720,
    "total_iters": 237,
    "trainable_parameters": 601,
    "verbose": true
}