{
    "batch_size": 100,
    "cuda": false,
    "dataset": "simple2",
    "dataset_dir": "/home/sebastien/Datasets/",
    "device": "cpu",
    "full_cov_W": 0,
    "inference_times": [
        78.59330400015097,
        66.26275300004636,
        63.416816999961156,
        64.13645200018436,
        63.4207210000568,
        63.57610599980035,
        66.7340879999756,
        63.61462299992127,
        63.308829000106925,
        63.63875300030486
    ],
    "iterations_fixed_noise": 1000,
    "iterations_free_noise": 0,
    "lr": 0.0005,
    "model": "fgp",
    "nfeatures": 12,
    "nlayers": 1,
    "nmc_test": 20,
    "nmc_train": 20,
    "noise_std": 0.01,
    "outdir": "/home/sebastien/inference-variationnelle/vcal/experiments/workspace/",
    "save_model": false,
    "seed": 2018,
    "split_ratio": 0.9,
    "test_error": 3.1642885208129883,
    "test_interval": 1000,
    "test_mnll": 431597.03125,
    "time_budget": 720,
    "total_iters": 1000,
    "trainable_parameters": 601,
    "verbose": true
}