{
    "batch_size": 100,
    "cuda": false,
    "dataset": "simple2",
    "dataset_dir": "/home/sebastien/Datasets/",
    "device": "cpu",
    "full_cov_W": 0,
    "inference_times": [
        88.6228100007429,
        64.412617999551,
        62.58323899965035,
        63.607682999645476,
        62.04730399986147,
        61.89819500104932,
        61.3674380001612,
        61.559275000035996,
        61.6670850013179,
        63.26784799966845
    ],
    "iterations_fixed_noise": 10000,
    "iterations_free_noise": 0,
    "lr": 0.0005,
    "model": "fgp",
    "nfeatures": 12,
    "nlayers": 1,
    "nmc_test": 21,
    "nmc_train": 20,
    "noise_std": 0.5,
    "outdir": "/home/sebastien/inference-variationnelle/vcal/experiments/workspace/",
    "save_model": false,
    "seed": 2018,
    "split_ratio": 0.9,
    "test_error": 3.2496695518493652,
    "test_interval": 10000,
    "test_mnll": 191.42062377929688,
    "time_budget": 720,
    "total_iters": 10000,
    "trainable_parameters": 600,
    "verbose": true
}