{
    "batch_size": 100,
    "cuda": false,
    "dataset": "simple2",
    "dataset_dir": "/home/sebastien/Datasets/",
    "device": "cpu",
    "full_cov_W": 0,
    "inference_times": [
        162.23123704548925,
        107.31062898412347,
        110.98650097846985,
        112.04492696560919,
        112.65398899558932,
        104.85908295959234,
        113.05870302021503,
        106.3270129961893,
        112.53131402190775,
        105.99842690862715
    ],
    "iterations_fixed_noise": 1000,
    "iterations_free_noise": 0,
    "lr": 5e-07,
    "model": "fgp",
    "nfeatures": 50,
    "nlayers": 1,
    "nmc_test": 31,
    "nmc_train": 30,
    "noise_std": 0.4,
    "outdir": "/home/sebastien/inference-variationnelle/vcal/experiments/workspace/",
    "save_model": false,
    "seed": 2018,
    "split_ratio": 0.9,
    "test_error": 2.0829596519470215,
    "test_interval": 10000,
    "test_mnll": 1497.817626953125,
    "time_budget": 720,
    "total_iters": 10000,
    "trainable_parameters": 10100,
    "verbose": true
}