{
    "batch_size": 100,
    "cuda": false,
    "dataset": "simple2",
    "dataset_dir": "/home/sebastien/Datasets/",
    "device": "cpu",
    "full_cov_W": 0,
    "inference_times": [
        223.82550799920864,
        155.6920680004623,
        163.16972999993595,
        150.48085499984154,
        132.89409400022123,
        138.79063999956998,
        150.991411999712,
        129.7313570003098,
        133.42035499954363,
        135.65087400002085
    ],
    "iterations_fixed_noise": 1000,
    "iterations_free_noise": 0,
    "lr": 0.0005,
    "model": "fgp",
    "nfeatures": 12,
    "nlayers": 1,
    "nmc_test": 21,
    "nmc_train": 20,
    "noise_std": 0.01,
    "outdir": "/home/sebastien/inference-variationnelle/vcal/experiments/workspace/",
    "save_model": false,
    "seed": 2018,
    "split_ratio": 0.9,
    "test_error": 3.1697821617126465,
    "test_interval": 1000,
    "test_mnll": 455414.0625,
    "time_budget": 720,
    "total_iters": 543,
    "trainable_parameters": 601,
    "verbose": true
}