{
    "batch_size": 100,
    "cuda": false,
    "dataset": "simple2",
    "dataset_dir": "/home/sebastien/Datasets/",
    "device": "cpu",
    "full_cov_W": 0,
    "inference_times": [
        111.21859200102335,
        63.99342899931071,
        67.69814600011159,
        66.70954100081872,
        73.21554999907676,
        70.0257110001985,
        63.68448400098714,
        64.09246700059157,
        63.49538399990706,
        63.10977300017839
    ],
    "iterations_fixed_noise": 10000,
    "iterations_free_noise": 0,
    "lr": 0.0005,
    "model": "fgp",
    "nfeatures": 12,
    "nlayers": 1,
    "nmc_test": 21,
    "nmc_train": 20,
    "noise_std": 1.0,
    "outdir": "/home/sebastien/inference-variationnelle/vcal/experiments/workspace/",
    "save_model": false,
    "seed": 2018,
    "split_ratio": 0.9,
    "test_error": 3.321727752685547,
    "test_interval": 10000,
    "test_mnll": 49.975425720214844,
    "time_budget": 720,
    "total_iters": 10000,
    "trainable_parameters": 600,
    "verbose": true
}