{
    "batch_size": 100,
    "cuda": false,
    "dataset": "simple2",
    "dataset_dir": "/home/sebastien/Datasets/",
    "device": "cpu",
    "full_cov_W": 0,
    "inference_times": [
        128.52198600012343,
        136.58398300049157,
        140.27897600044525,
        146.55615899937402,
        145.26833900072234,
        146.17414600070333,
        156.76556899961724,
        129.03188400014187,
        129.1090089998761,
        147.39660899977025
    ],
    "iterations_fixed_noise": 1000,
    "iterations_free_noise": 0,
    "lr": 0.0005,
    "model": "fgp",
    "nfeatures": 12,
    "nlayers": 1,
    "nmc_test": 21,
    "nmc_train": 20,
    "noise_std": 0.01,
    "outdir": "/home/sebastien/inference-variationnelle/vcal/experiments/workspace/",
    "save_model": false,
    "seed": 2018,
    "split_ratio": 0.9,
    "test_error": 3.1332685947418213,
    "test_interval": 1000,
    "test_mnll": 445351.84375,
    "time_budget": 720,
    "total_iters": 1000,
    "trainable_parameters": 601,
    "verbose": true
}