{
    "batch_size": 100,
    "cuda": false,
    "dataset": "simple2",
    "dataset_dir": "/home/sebastien/Datasets/",
    "device": "cpu",
    "full_cov_W": 0,
    "inference_times": [
        140.7383750001827,
        132.91191299958882,
        165.05538300043554,
        154.4369530001859,
        142.59391599989613,
        158.51071499946556,
        151.2061570001606,
        146.77030900020327,
        138.11593400077982,
        139.10561800003052
    ],
    "iterations_fixed_noise": 1000,
    "iterations_free_noise": 0,
    "lr": 0.0005,
    "model": "fgp",
    "nfeatures": 12,
    "nlayers": 1,
    "nmc_test": 21,
    "nmc_train": 20,
    "noise_std": 0.01,
    "outdir": "/home/sebastien/inference-variationnelle/vcal/experiments/workspace/",
    "save_model": false,
    "seed": 2018,
    "split_ratio": 0.9,
    "test_error": 3.070995569229126,
    "test_interval": 1000,
    "test_mnll": 426163.25,
    "time_budget": 720,
    "total_iters": 1000,
    "trainable_parameters": 603,
    "verbose": true
}