{
    "batch_size": 100,
    "cuda": false,
    "dataset": "simple2",
    "dataset_dir": "/home/sebastien/Datasets/",
    "device": "cpu",
    "full_cov_W": 0,
    "inference_times": [
        102.90116499982105,
        65.83069499993144,
        64.62674500016874,
        67.00327299950004,
        65.14928500018868,
        65.33345399930113,
        64.79662899982941,
        65.44375399971614,
        65.0653129996499,
        77.1054599999843
    ],
    "iterations_fixed_noise": 10000,
    "iterations_free_noise": 0,
    "lr": 0.0005,
    "model": "fgp",
    "nfeatures": 12,
    "nlayers": 1,
    "nmc_test": 21,
    "nmc_train": 20,
    "noise_std": 0.01,
    "outdir": "/home/sebastien/inference-variationnelle/vcal/experiments/workspace/",
    "save_model": false,
    "seed": 2018,
    "split_ratio": 0.9,
    "test_error": 3.124008893966675,
    "test_interval": 10000,
    "test_mnll": 442916.375,
    "time_budget": 720,
    "total_iters": 10000,
    "trainable_parameters": 601,
    "verbose": true
}