{
    "batch_size": 100,
    "cuda": false,
    "dataset": "simple2",
    "dataset_dir": "/home/sebastien/Datasets/",
    "device": "cpu",
    "full_cov_W": 0,
    "inference_times": [
        680.6217730045319,
        669.1766469739377,
        656.9338449044153,
        661.7210560943931,
        659.2909599421546,
        657.7536769909784,
        654.8318930435926,
        652.9613740276545,
        660.5486660264432,
        676.4940519351512
    ],
    "iterations_fixed_noise": 1000,
    "iterations_free_noise": 0,
    "lr": 5e-05,
    "model": "fgp",
    "nfeatures": 50,
    "nlayers": 1,
    "nmc_test": 200,
    "nmc_train": 100,
    "noise_std": 0.2,
    "outdir": "/home/sebastien/inference-variationnelle/vcal/experiments/workspace/",
    "save_model": false,
    "seed": 2018,
    "split_ratio": 0.9,
    "test_error": 3.28780198097229,
    "test_interval": 100000,
    "test_mnll": 57.74390411376953,
    "time_budget": 720,
    "total_iters": 100000,
    "trainable_parameters": 10100,
    "verbose": true
}