{
    "batch_size": 100,
    "cuda": false,
    "dataset": "simple2",
    "dataset_dir": "/home/sebastien/Datasets/",
    "device": "cpu",
    "full_cov_W": 0,
    "inference_times": [
        189.7982629998296,
        175.93921899970155,
        176.39963199872,
        174.48413399870333,
        175.8348869989277,
        176.25068499910412,
        177.20110600021144,
        176.4362930007337,
        176.26993299927562,
        176.07792099988728
    ],
    "iterations_fixed_noise": 1000,
    "iterations_free_noise": 0,
    "lr": 5e-06,
    "model": "fgp",
    "nfeatures": 100,
    "nlayers": 1,
    "nmc_test": 31,
    "nmc_train": 30,
    "noise_std": 0.4,
    "outdir": "/home/sebastien/inference-variationnelle/vcal/experiments/workspace/",
    "save_model": false,
    "seed": 2018,
    "split_ratio": 0.9,
    "test_error": 3.273571491241455,
    "test_interval": 100000,
    "test_mnll": 448.8979797363281,
    "time_budget": 720,
    "total_iters": 100000,
    "trainable_parameters": 40200,
    "verbose": true
}