{
    "batch_size": 100,
    "cuda": false,
    "dataset": "simple2",
    "dataset_dir": "/home/sebastien/Datasets/",
    "device": "cpu",
    "full_cov_W": 0,
    "inference_times": [
        626.7970209592022,
        592.8924700128846,
        588.1229289807379,
        579.4715469819494,
        584.2107470380142,
        584.677578008268,
        584.4592429930344,
        581.8161980132572,
        583.2653630059212,
        584.2324550030753
    ],
    "iterations_fixed_noise": 1000,
    "iterations_free_noise": 0,
    "lr": 5e-05,
    "model": "fgp",
    "nfeatures": 60,
    "nlayers": 1,
    "nmc_test": 200,
    "nmc_train": 20,
    "noise_std": 0.01,
    "outdir": "/home/sebastien/inference-variationnelle/vcal/experiments/workspace/",
    "save_model": false,
    "seed": 2018,
    "split_ratio": 0.9,
    "test_error": 3.268498182296753,
    "test_interval": 1000,
    "test_mnll": 23029.79296875,
    "time_budget": 720,
    "total_iters": 1000,
    "trainable_parameters": 14641,
    "verbose": true
}