{
    "batch_size": 100,
    "cuda": false,
    "dataset": "simple2",
    "dataset_dir": "/home/sebastien/Datasets/",
    "device": "cpu",
    "full_cov_W": 0,
    "inference_times": [
        790.9650230430998,
        769.2060900153592,
        770.619775983505,
        779.232127009891,
        777.5653229909949,
        786.551560042426,
        791.2058910005726,
        791.7435269919224,
        805.9369929833338,
        786.0418049967848
    ],
    "iterations_fixed_noise": 1000,
    "iterations_free_noise": 0,
    "lr": 5e-05,
    "model": "fgp",
    "nfeatures": 60,
    "nlayers": 1,
    "nmc_test": 200,
    "nmc_train": 20,
    "noise_std": 0.01,
    "outdir": "/home/sebastien/inference-variationnelle/vcal/experiments/workspace/",
    "save_model": false,
    "seed": 2018,
    "split_ratio": 0.9,
    "test_error": 3.375878095626831,
    "test_interval": 1000,
    "test_mnll": 4911376.0,
    "time_budget": 720,
    "total_iters": 1000,
    "trainable_parameters": 14521,
    "verbose": true
}