{
    "batch_size": 100,
    "cuda": false,
    "dataset": "simple2",
    "dataset_dir": "/home/sebastien/Datasets/",
    "device": "cpu",
    "full_cov_W": 0,
    "inference_times": [
        125.8748390009714,
        66.80112499998359,
        65.66067699895939,
        64.0558079994662,
        64.12205399828963,
        65.3582600007212,
        65.93674999930954,
        66.12893499914207,
        72.43186500090815,
        64.17201600015687
    ],
    "iterations_fixed_noise": 10000,
    "iterations_free_noise": 0,
    "lr": 0.0005,
    "model": "fgp",
    "nfeatures": 12,
    "nlayers": 1,
    "nmc_test": 21,
    "nmc_train": 20,
    "noise_std": 0.1,
    "outdir": "/home/sebastien/inference-variationnelle/vcal/experiments/workspace/",
    "save_model": false,
    "seed": 2018,
    "split_ratio": 0.9,
    "test_error": 3.22918438911438,
    "test_interval": 10000,
    "test_mnll": 4731.3505859375,
    "time_budget": 720,
    "total_iters": 10000,
    "trainable_parameters": 600,
    "verbose": true
}