{
    "batch_size": 100,
    "cuda": false,
    "dataset": "simple2",
    "dataset_dir": "/home/sebastien/Datasets/",
    "device": "cpu",
    "full_cov_W": 0,
    "inference_times": [
        120.61477700081014,
        68.59048300066206,
        69.36006700016151,
        64.50145999951928,
        62.53446399932727,
        66.19065199993202,
        64.01084600111062,
        62.494428999343654,
        64.07257899991237,
        64.21746399973927
    ],
    "iterations_fixed_noise": 10000,
    "iterations_free_noise": 0,
    "lr": 0.0005,
    "model": "fgp",
    "nfeatures": 12,
    "nlayers": 1,
    "nmc_test": 21,
    "nmc_train": 20,
    "noise_std": 0.01,
    "outdir": "/home/sebastien/inference-variationnelle/vcal/experiments/workspace/",
    "save_model": false,
    "seed": 2018,
    "split_ratio": 0.9,
    "test_error": 3.124008893966675,
    "test_interval": 10000,
    "test_mnll": 442916.375,
    "time_budget": 720,
    "total_iters": 10000,
    "trainable_parameters": 601,
    "verbose": true
}