{
    "batch_size": 100,
    "cuda": false,
    "dataset": "simple2",
    "dataset_dir": "/home/sebastien/Datasets/",
    "device": "cpu",
    "full_cov_W": 0,
    "inference_times": [
        230.43019800024922,
        206.70694999716943,
        239.8289869997825,
        256.59413000175846,
        180.66304400053923,
        182.14599899874884,
        182.06445499890833,
        182.57796999751008,
        180.26638900118996,
        182.448015002592
    ],
    "iterations_fixed_noise": 1000,
    "iterations_free_noise": 0,
    "lr": 5e-06,
    "model": "fgp",
    "nfeatures": 100,
    "nlayers": 1,
    "nmc_test": 31,
    "nmc_train": 30,
    "noise_std": 0.4,
    "outdir": "/home/sebastien/inference-variationnelle/vcal/experiments/workspace/",
    "save_model": false,
    "seed": 2018,
    "split_ratio": 0.9,
    "test_error": 3.2605888843536377,
    "test_interval": 100,
    "test_mnll": 14.754434585571289,
    "time_budget": 720,
    "total_iters": 1000,
    "trainable_parameters": 40200,
    "verbose": true
}