{
    "batch_size": 100,
    "cuda": false,
    "dataset": "simple2",
    "dataset_dir": "/home/sebastien/Datasets/",
    "device": "cpu",
    "full_cov_W": 0,
    "inference_times": [
        281.68265000022075,
        317.4078010015364,
        345.0280010001734,
        273.53656699960993,
        285.7719699986774,
        276.03323699986504,
        282.6872799996636,
        259.6503369986749,
        281.508391000898,
        276.8773940006213
    ],
    "iterations_fixed_noise": 1000,
    "iterations_free_noise": 0,
    "lr": 5e-06,
    "model": "fgp",
    "nfeatures": 100,
    "nlayers": 1,
    "nmc_test": 31,
    "nmc_train": 30,
    "noise_std": 0.4,
    "outdir": "/home/sebastien/inference-variationnelle/vcal/experiments/workspace/",
    "save_model": false,
    "seed": 2018,
    "split_ratio": 0.9,
    "test_error": 3.268645763397217,
    "test_interval": 10000,
    "test_mnll": 446.9526672363281,
    "time_budget": 720,
    "total_iters": 10000,
    "trainable_parameters": 40200,
    "verbose": true
}