{
    "batch_size": 100,
    "cuda": false,
    "dataset": "simple2",
    "dataset_dir": "/home/sebastien/Datasets/",
    "device": "cpu",
    "full_cov_W": 0,
    "inference_times": [
        114.9085480001304,
        108.34709800019482,
        99.38773000021683,
        149.30832099980762,
        151.05814299977283,
        145.83449900010237,
        145.05658300004143,
        144.53964799986352,
        161.73027800005002,
        166.58514299979288
    ],
    "iterations_fixed_noise": 1000,
    "iterations_free_noise": 0,
    "lr": 0.0005,
    "model": "fgp",
    "nfeatures": 12,
    "nlayers": 1,
    "nmc_test": 20,
    "nmc_train": 20,
    "noise_std": 0.01,
    "outdir": "/home/sebastien/inference-variationnelle/vcal/experiments/workspace/",
    "save_model": false,
    "seed": 2018,
    "split_ratio": 0.9,
    "test_error": 3.1642885208129883,
    "test_interval": 1000,
    "test_mnll": 431597.03125,
    "time_budget": 720,
    "total_iters": 1000,
    "trainable_parameters": 601,
    "verbose": true
}