{
    "batch_size": 100,
    "cuda": false,
    "dataset": "simple2",
    "dataset_dir": "/home/sebastien/Datasets/",
    "device": "cpu",
    "full_cov_W": 0,
    "inference_times": [
        760.6953760000579,
        730.130293000002,
        744.8154359999535,
        765.49867000017,
        887.788928999953,
        921.8388310000591,
        939.1943269999956,
        747.425045,
        825.5897719998302,
        719.1281340001296
    ],
    "iterations_fixed_noise": 10000,
    "iterations_free_noise": 0,
    "lr": 5e-05,
    "model": "fgp",
    "nfeatures": 60,
    "nlayers": 1,
    "nmc_test": 200,
    "nmc_train": 20,
    "noise_std": 0.01,
    "outdir": "/home/sebastien/inference-variationnelle/vcal/experiments/workspace/",
    "save_model": false,
    "seed": 2018,
    "split_ratio": 0.9,
    "test_error": 3.163668394088745,
    "test_interval": 1000,
    "test_mnll": 4309192.5,
    "time_budget": 720,
    "total_iters": 10000,
    "trainable_parameters": 14521,
    "verbose": true
}