{
    "batch_size": 100,
    "cuda": false,
    "dataset": "simple2",
    "dataset_dir": "/home/sebastien/Datasets/",
    "device": "cpu",
    "full_cov_W": 0,
    "inference_times": [
        223.9689480047673,
        224.87521695438772,
        218.27070403378457,
        202.3402740014717,
        204.778341925703,
        197.97831098549068,
        200.5385080119595,
        202.50715489964932,
        196.37815002352,
        205.07786399684846
    ],
    "iterations_fixed_noise": 1000,
    "iterations_free_noise": 0,
    "lr": 5e-06,
    "model": "fgp",
    "nfeatures": 100,
    "nlayers": 1,
    "nmc_test": 31,
    "nmc_train": 30,
    "noise_std": 0.4,
    "outdir": "/home/sebastien/inference-variationnelle/vcal/experiments/workspace/",
    "save_model": false,
    "seed": 2018,
    "split_ratio": 0.9,
    "test_error": 2.0737295150756836,
    "test_interval": 10000,
    "test_mnll": 14.849486351013184,
    "time_budget": 720,
    "total_iters": 10000,
    "trainable_parameters": 40200,
    "verbose": true
}