{
    "batch_size": 100,
    "cuda": false,
    "dataset": "simple2",
    "dataset_dir": "/home/sebastien/Datasets/",
    "device": "cpu",
    "full_cov_W": 0,
    "inference_times": [
        352.5331280034152,
        335.31380200292915,
        344.6247269966989,
        336.87088900478557,
        335.4890839982545,
        341.4777630023309,
        336.82482299627736,
        339.7592139954213,
        590.58705100324,
        341.055046999827
    ],
    "iterations_fixed_noise": 1000,
    "iterations_free_noise": 0,
    "lr": 5e-05,
    "model": "fgp",
    "nfeatures": 60,
    "nlayers": 1,
    "nmc_test": 200,
    "nmc_train": 20,
    "noise_std": 0.01,
    "outdir": "/home/sebastien/inference-variationnelle/vcal/experiments/workspace/",
    "save_model": false,
    "seed": 2018,
    "split_ratio": 0.9,
    "test_error": 3.268498182296753,
    "test_interval": 1000,
    "test_mnll": 23029.79296875,
    "time_budget": 720,
    "total_iters": 1000,
    "trainable_parameters": 14641,
    "verbose": true
}